Workbook

Sheet Task2A
A1: species | B1: island | C1: culmen_length_mm | D1: culmen_depth_mm | E1: flipper_length_mm | F1: body_mass_g | G1: sex
A2: Adelie | B2: Torgersen | C2: 39.1 | D2: 18.7 | E2: 181 | F2: 3750 | G2: MALE
A3: Adelie | B3: Torgersen | C3: 39.5 | D3: 17.4 | E3: 186 | F3: 3800 | G3: FEMALE
A4: Adelie | B4: Torgersen | C4: 40.3 | D4: 18 | E4: 195 | F4: 3250 | G4: FEMALE
A5: Adelie | B5: Torgersen | C5: NA | D5: NA | E5: NA | F5: NA | G5: NA
A6: Adelie | B6: Torgersen | C6: 36.7 | D6: 19.3 | E6: 193 | F6: 3450 | G6: FEMALE
A7: Adelie | B7: Torgersen | C7: 39.3 | D7: 20.6 | E7: 190 | F7: 3650 | G7: MALE
A8: Adelie | B8: Torgersen | C8: 38.9 | D8: 17.8 | E8: 181 | F8: 3625 | G8: FEMALE
A9: Adelie | B9: Torgersen | C9: 39.2 | D9: 19.6 | E9: 195 | F9: 4675 | G9: MALE
A10: Adelie | B10: Torgersen | C10: 34.1 | D10: 18.1 | E10: 193 | F10: 3475 | G10: NA
A11: Adelie | B11: Torgersen | C11: 42 | D11: 20.2 | E11: 190 | F11: 4250 | G11: NA
A12: Adelie | B12: Torgersen | C12: 37.8 | D12: 17.1 | E12: 186 | F12: 3300 | G12: NA
A13: Adelie | B13: Torgersen | C13: 37.8 | D13: 17.3 | E13: 180 | F13: 3700 | G13: NA
A14: Adelie | B14: Torgersen | C14: 41.1 | D14: 17.6 | E14: 182 | F14: 3200 | G14: FEMALE
A15: Adelie | B15: Torgersen | C15: 38.6 | D15: 21.2 | E15: 191 | F15: 3800 | G15: MALE
A16: Adelie | B16: Torgersen | C16: 34.6 | D16: 21.1 | E16: 198 | F16: 4400 | G16: MALE
A17: Adelie | B17: Torgersen | C17: 36.6 | D17: 17.8 | E17: 185 | F17: 3700 | G17: FEMALE
... A340: Gentoo | B340: Biscoe | C340: 47.2 | D340: 13.7 | E340: 214 | F340: 4925 | G340: FEMALE
A341: Gentoo | B341: Biscoe | C341: NA | D341: NA | E341: NA | F341: NA | G341: NA
A342: Gentoo | B342: Biscoe | C342: 46.8 | D342: 14.3 | E342: 215 | F342: 4850 | G342: FEMALE
A343: Gentoo | B343: Biscoe | C343: 50.4 | D343: 15.7 | E343: 222 | F343: 5750 | G343: MALE
A344: Gentoo | B344: Biscoe | C344: 45.2 | D344: 14.8 | E344: 212 | F344: 5200 | G344: FEMALE
A345: Gentoo | B345: Biscoe | C345: 49.9 | D345: 16.1 | E345: 213 | F345: 5400 | G345: MALE

Sheet Task2B
B1: species | C1: island | D1: culmen_length_mm | E1: culmen_depth_mm | F1: flipper_length_mm | G1: body_mass_g | H1: sex_code
A2: COUNT, cells with numbers | D2: =COUNT(Task2A!C:C) -> 342 | E2: =COUNT(Task2A!D:D) -> 342 | F2: =COUNT(Task2A!E:E) -> 342 | G2: =COUNT(Task2A!F:F) -> 342
A3: COUNTA, cells not empty | C3: =COUNTA(Task2A!B:B) -> 345 | D3: =COUNTA(Task2A!C:C) -> 345 | E3: =COUNTA(Task2A!D:D) -> 345 | F3: =COUNTA(Task2A!E:E) -> 345 | G3: =COUNTA(Task2A!F:F) -> 345 | H3: =COUNTA(Task2A!G:G) -> 345
A4: COUNTIF, cells with "NA" | C4: =COUNTIF(Task2A!B:B, "NA") -> 0 | D4: =COUNTIF(Task2A!C:C, "NA") -> 2 | E4: =COUNTIF(Task2A!D:D, "NA") -> 2 | F4: =COUNTIF(Task2A!E:E, "NA") -> 2 | G4: =COUNTIF(Task2A!F:F, "NA") -> 2 | H4: =COUNTIF(Task2A!G:G, "NA") -> 10
A5: AVERAGE, ignores "NA" | D5: =AVERAGE(Task2A!C:C) -> 43.92193 | E5: =AVERAGE(Task2A!D:D) -> 17.15117 | F5: =AVERAGE(Task2A!E:E) -> 200.9152 | G5: =AVERAGE(Task2A!F:F) -> 4201.7544
A6: STDEV, ignores "NA" | D6: =STDEV(Task2A!C:C) -> 5.4595837 | E6: =STDEV(Task2A!D:D) -> 1.9747932 | F6: =STDEV(Task2A!E:E) -> 14.061714 | G6: =STDEV(Task2A!F:F) -> 801.95454
A7: VAR | D7: =VAR(Task2A!C:C) -> 29.807054 | E7: =VAR(Task2A!D:D) -> 3.899808 | F7: =VAR(Task2A!E:E) -> 197.73179 | G7: =VAR(Task2A!F:F) -> 643131.08
A8: MIN | D8: =MIN(Task2A!C:C) -> 32.1 | E8: =MIN(Task2A!D:D) -> 13.1 | F8: =MIN(Task2A!E:E) -> 172 | G8: =MIN(Task2A!F:F) -> 2700
A9: MAX | D9: =MAX(Task2A!C:C) -> 59.6 | E9: =MAX(Task2A!D:D) -> 21.5 | F9: =MAX(Task2A!E:E) -> 231 | G9: =MAX(Task2A!F:F) -> 6300
A10: Data type (Text, Integer or Decimal) | C10: Text | D10: Number | E10: Number | F10: Number | G10: Number | H10: Text
A11: Numerical or Categorical | C11: Categorical | D11: Numerical | E11: Numerical | F11: Numerical | G11: Numerical | H11: Numerical
A12: Continuous or Discrete | C12: Discrete | D12: Continuous | E12: Continuous | F12: Continuous | G12: Continuous | H12: Discrete
A13: MODE, numerical fields only | C13: N/A | D13: =_xlfn.MODE.SNGL(Task2A!C:C) -> 41.1 | E13: =_xlfn.MODE.SNGL(Task2A!D:D) -> 17 | F13: =_xlfn.MODE.SNGL(Task2A!E:E) -> 190 | G13: =_xlfn.MODE.SNGL(Task2A!F:F) -> 3800 | H13: N/A

Sheet Task3A
A1: species | B1: species_code | C1: island | D1: island_code | E1: culmen_length_mm | F1: culmen_depth_mm | G1: flipper_length_mm | H1: body_mass_g | I1: sex | J1: sex_code
A2: Adelie | B2: =IFS(A2="Adelie",1,A2="Chinstrap",2,A2="Gentoo",3) -> 1 | C2: Torgersen | D2: =IFS(C2="Torgersen",1,C2="Biscoe",2,C2="Dream",3) -> 1 | E2: 39.1 | F2: 18.7 | G2: 181 | H2: 3750 | I2: MALE | J2: =IF(I2="MALE",1,0) -> 1
A3: Adelie | B3: =IFS(A3="Adelie",1,A3="Chinstrap",2,A3="Gentoo",3) -> 1 | C3: Torgersen | D3: =IFS(C3="Torgersen",1,C3="Biscoe",2,C3="Dream",3) -> 1 | E3: 39.5 | F3: 17.4 | G3: 186 | H3: 3800 | I3: FEMALE | J3: =IF(I3="MALE",1,0) -> 0
A4: Adelie | B4: =IFS(A4="Adelie",1,A4="Chinstrap",2,A4="Gentoo",3) -> 1 | C4: Torgersen | D4: =IFS(C4="Torgersen",1,C4="Biscoe",2,C4="Dream",3) -> 1 | E4: 40.3 | F4: 18 | G4: 195 | H4: 3250 | I4: FEMALE | J4: =IF(I4="MALE",1,0) -> 0
A5: Adelie | B5: =IFS(A5="Adelie",1,A5="Chinstrap",2,A5="Gentoo",3) -> 1 | C5: Torgersen | D5: =IFS(C5="Torgersen",1,C5="Biscoe",2,C5="Dream",3) -> 1 | E5: 36.7 | F5: 19.3 | G5: 193 | H5: 3450 | I5: FEMALE | J5: =IF(I5="MALE",1,0) -> 0
A6: Adelie | B6: =IFS(A6="Adelie",1,A6="Chinstrap",2,A6="Gentoo",3) -> 1 | C6: Torgersen | D6: =IFS(C6="Torgersen",1,C6="Biscoe",2,C6="Dream",3) -> 1 | E6: 39.3 | F6: 20.6 | G6: 190 | H6: 3650 | I6: MALE | J6: =IF(I6="MALE",1,0) -> 1
A7: Adelie | B7: =IFS(A7="Adelie",1,A7="Chinstrap",2,A7="Gentoo",3) -> 1 | C7: Torgersen | D7: =IFS(C7="Torgersen",1,C7="Biscoe",2,C7="Dream",3) -> 1 | E7: 38.9 | F7: 17.8 | G7: 181 | H7: 3625 | I7: FEMALE | J7: =IF(I7="MALE",1,0) -> 0
A8: Adelie | B8: =IFS(A8="Adelie",1,A8="Chinstrap",2,A8="Gentoo",3) -> 1 | C8: Torgersen | D8: =IFS(C8="Torgersen",1,C8="Biscoe",2,C8="Dream",3) -> 1 | E8: 39.2 | F8: 19.6 | G8: 195 | H8: 4675 | I8: MALE | J8: =IF(I8="MALE",1,0) -> 1
A9: Adelie | B9: =IFS(A9="Adelie",1,A9="Chinstrap",2,A9="Gentoo",3) -> 1 | C9: Torgersen | D9: =IFS(C9="Torgersen",1,C9="Biscoe",2,C9="Dream",3) -> 1 | E9: 41.1 | F9: 17.6 | G9: 182 | H9: 3200 | I9: FEMALE | J9: =IF(I9="MALE",1,0) -> 0
A10: Adelie | B10: =IFS(A10="Adelie",1,A10="Chinstrap",2,A10="Gentoo",3) -> 1 | C10: Torgersen | D10: =IFS(C10="Torgersen",1,C10="Biscoe",2,C10="Dream",3) -> 1 | E10: 38.6 | F10: 21.2 | G10: 191 | H10: 3800 | I10: MALE | J10: =IF(I10="MALE",1,0) -> 1
A11: Adelie | B11: =IFS(A11="Adelie",1,A11="Chinstrap",2,A11="Gentoo",3) -> 1 | C11: Torgersen | D11: =IFS(C11="Torgersen",1,C11="Biscoe",2,C11="Dream",3) -> 1 | E11: 34.6 | F11: 21.1 | G11: 198 | H11: 4400 | I11: MALE | J11: =IF(I11="MALE",1,0) -> 1
A12: Adelie | B12: =IFS(A12="Adelie",1,A12="Chinstrap",2,A12="Gentoo",3) -> 1 | C12: Torgersen | D12: =IFS(C12="Torgersen",1,C12="Biscoe",2,C12="Dream",3) -> 1 | E12: 36.6 | F12: 17.8 | G12: 185 | H12: 3700 | I12: FEMALE | J12: =IF(I12="MALE",1,0) -> 0
A13: Adelie | B13: =IFS(A13="Adelie",1,A13="Chinstrap",2,A13="Gentoo",3) -> 1 | C13: Torgersen | D13: =IFS(C13="Torgersen",1,C13="Biscoe",2,C13="Dream",3) -> 1 | E13: 38.7 | F13: 19 | G13: 195 | H13: 3450 | I13: FEMALE | J13: =IF(I13="MALE",1,0) -> 0
... A334: Gentoo | B334: =IFS(A334="Adelie",1,A334="Chinstrap",2,A334="Gentoo",3) -> 3 | C334: Biscoe | D334: =IFS(C334="Torgersen",1,C334="Biscoe",2,C334="Dream",3) -> 2 | E334: 49.9 | F334: 16.1 | G334: 213 | H334: 5400 | I334: MALE | J334: =IF(I334="MALE",1,0) -> 1

Sheet Task3B
A1: culmen_length_mm | B1: culmen_depth_mm | C1: flipper_length_mm | D1: body_mass_g
A2: 39.1 | B2: 18.7 | C2: 181 | D2: 3750
A3: 39.5 | B3: 17.4 | C3: 186 | D3: 3800
A4: 40.3 | B4: 18 | C4: 195 | D4: 3250
A5: 36.7 | B5: 19.3 | C5: 193 | D5: 3450
A6: 39.3 | B6: 20.6 | C6: 190 | D6: 3650
A7: 38.9 | B7: 17.8 | C7: 181 | D7: 3625
A8: 39.2 | B8: 19.6 | C8: 195 | D8: 4675
A9: 41.1 | B9: 17.6 | C9: 182 | D9: 3200
A10: 38.6 | B10: 21.2 | C10: 191 | D10: 3800
A11: 34.6 | B11: 21.1 | C11: 198 | D11: 4400
A12: 36.6 | B12: 17.8 | C12: 185 | D12: 3700
A13: 38.7 | B13: 19 | C13: 195 | D13: 3450
... A334: 49.9 | B334: 16.1 | C334: 213 | D334: 5400

Sheet Task3C
B1: species_code | C1: island_code | D1: culmen_length_mm | E1: culmen_depth_mm | F1: flipper_length_mm | G1: body_mass_g | H1: sex_code
A2: species_code | B2: =CORREL(Task3A!B2:B334,Task3A!B2:B334) -> 1 | C2: =CORREL(Task3A!B2:B334,Task3A!D2:D334) -> -0.0091755171 | D2: =CORREL(Task3A!B2:B334,Task3A!E2:E334) -> 0.73054767 | E2: =CORREL(Task3A!B2:B334,Task3A!F2:F334) -> -0.74034609 | F2: =CORREL(Task3A!B2:B334,Task3A!G2:G334) -> 0.85073678 | G2: =CORREL(Task3A!B2:B334,Task3A!H2:H334) -> 0.75043358 | H2: =CORREL(Task3A!B2:B334,Task3A!J2:J334) -> 0.010963606
A3: island_code | B3: =CORREL(Task3A!D2:D334,Task3A!B2:B334) -> -0.0091755171 | C3: =CORREL(Task3A!D2:D334,Task3A!D2:D334) -> 1 | D3: =CORREL(Task3A!D2:D334,Task3A!E2:E334) -> 0.21203829 | E3: =CORREL(Task3A!D2:D334,Task3A!F2:F334) -> 0.18963597 | F3: =CORREL(Task3A!D2:D334,Task3A!G2:G334) -> -0.16273864 | G3: =CORREL(Task3A!D2:D334,Task3A!H2:H334) -> -0.20196645 | H3: =CORREL(Task3A!D2:D334,Task3A!J2:J334) -> 0.0058340529
A4: culmen_length_mm | B4: =CORREL(Task3A!E2:E334,Task3A!B2:B334) -> 0.73054767 | C4: =CORREL(Task3A!E2:E334,Task3A!D2:D334) -> 0.21203829 | D4: =CORREL(Task3A!E2:E334,Task3A!E2:E334) -> 1 | E4: =CORREL(Task3A!E2:E334,Task3A!F2:F334) -> -0.22862564 | F4: =CORREL(Task3A!E2:E334,Task3A!G2:G334) -> 0.65309564 | G4: =CORREL(Task3A!E2:E334,Task3A!H2:H334) -> 0.58945111 | H4: =CORREL(Task3A!E2:E334,Task3A!J2:J334) -> 0.34407778
A5: culmen_depth_mm | B5: =CORREL(Task3A!F2:F334,Task3A!B2:B334) -> -0.74034609 | C5: =CORREL(Task3A!F2:F334,Task3A!D2:D334) -> 0.18963597 | D5: =CORREL(Task3A!F2:F334,Task3A!E2:E334) -> -0.22862564 | E5: =CORREL(Task3A!F2:F334,Task3A!F2:F334) -> 1 | F5: =CORREL(Task3A!F2:F334,Task3A!G2:G334) -> -0.5777917 | G5: =CORREL(Task3A!F2:F334,Task3A!H2:H334) -> -0.47201566 | H5: =CORREL(Task3A!F2:F334,Task3A!J2:J334) -> 0.37267329
A6: flipper_length_mm | B6: =CORREL(Task3A!G2:G334,Task3A!B2:B334) -> 0.85073678 | C6: =CORREL(Task3A!G2:G334,Task3A!D2:D334) -> -0.16273864 | D6: =CORREL(Task3A!G2:G334,Task3A!E2:E334) -> 0.65309564 | E6: =CORREL(Task3A!G2:G334,Task3A!F2:F334) -> -0.5777917 | F6: =CORREL(Task3A!G2:G334,Task3A!G2:G334) -> 1 | G6: =CORREL(Task3A!G2:G334,Task3A!H2:H334) -> 0.8729789 | H6: =CORREL(Task3A!G2:G334,Task3A!J2:J334) -> 0.25516888
A7: body_mass_g | B7: =CORREL(Task3A!H2:H334,Task3A!B2:B334) -> 0.75043358 | C7: =CORREL(Task3A!H2:H334,Task3A!D2:D334) -> -0.20196645 | D7: =CORREL(Task3A!H2:H334,Task3A!E2:E334) -> 0.58945111 | E7: =CORREL(Task3A!H2:H334,Task3A!F2:F334) -> -0.47201566 | F7: =CORREL(Task3A!H2:H334,Task3A!G2:G334) -> 0.8729789 | G7: =CORREL(Task3A!H2:H334,Task3A!H2:H334) -> 1 | H7: =CORREL(Task3A!G2:G334,Task3A!J2:J334) -> 0.25516888
A8: sex_code | B8: =CORREL(Task3A!J2:J334,Task3A!B2:B334) -> 0.010963606 | C8: =CORREL(Task3A!J2:J334,Task3A!D2:D334) -> 0.0058340529 | D8: =CORREL(Task3A!J2:J334,Task3A!E2:E334) -> 0.34407778 | E8: =CORREL(Task3A!J2:J334,Task3A!F2:F334) -> 0.37267329 | F8: =CORREL(Task3A!J2:J334,Task3A!G2:G334) -> 0.25516888 | G8: =CORREL(Task3A!J2:J334,Task3A!H2:H334) -> 0.42498699 | H8: =CORREL(Task3A!J2:J334,Task3A!J2:J334) -> 1

Sheet Task4A
A1: flipper_length_mm | B1: body_mass_g | C1: Predicted_body_mass_g | D1: Residual | E1: Residual Squared
A2: 181 | B2: 3750 | C2: =INTERCEPT($B$2:$B$344,$A$2:$A$344)+SLOPE($B$2:$B$344,$A$2:$A$344)*A2 -> 3205.6485 | D2: =B2-C2 -> 544.35155 | E2: =D2^2 -> 296318.61
A3: 186 | B3: 3800 | C3: =INTERCEPT($B$2:$B$344,$A$2:$A$344)+SLOPE($B$2:$B$344,$A$2:$A$344)*A3 -> 3456.4148 | D3: =B3-C3 -> 343.58522 | E3: =D3^2 -> 118050.8
A4: 195 | B4: 3250 | C4: =INTERCEPT($B$2:$B$344,$A$2:$A$344)+SLOPE($B$2:$B$344,$A$2:$A$344)*A4 -> 3907.7942 | D4: =B4-C4 -> -657.79418 | E4: =D4^2 -> 432693.18
A5: 193 | B5: 3450 | C5: =INTERCEPT($B$2:$B$344,$A$2:$A$344)+SLOPE($B$2:$B$344,$A$2:$A$344)*A5 -> 3807.4876 | D5: =B5-C5 -> -357.48764 | E5: =D5^2 -> 127797.42
A6: 190 | B6: 3650 | C6: =INTERCEPT($B$2:$B$344,$A$2:$A$344)+SLOPE($B$2:$B$344,$A$2:$A$344)*A6 -> 3657.0278 | D6: =B6-C6 -> -7.0278462 | E6: =D6^2 -> 49.390622
A7: 181 | B7: 3625 | C7: =INTERCEPT($B$2:$B$344,$A$2:$A$344)+SLOPE($B$2:$B$344,$A$2:$A$344)*A7 -> 3205.6485 | D7: =B7-C7 -> 419.35155 | E7: =D7^2 -> 175855.72
A8: 195 | B8: 4675 | C8: =INTERCEPT($B$2:$B$344,$A$2:$A$344)+SLOPE($B$2:$B$344,$A$2:$A$344)*A8 -> 3907.7942 | D8: =B8-C8 -> 767.20582 | E8: =D8^2 -> 588604.78
A9: 182 | B9: 3200 | C9: =INTERCEPT($B$2:$B$344,$A$2:$A$344)+SLOPE($B$2:$B$344,$A$2:$A$344)*A9 -> 3255.8017 | D9: =B9-C9 -> -55.801719 | E9: =D9^2 -> 3113.8318
A10: 191 | B10: 3800 | C10: =INTERCEPT($B$2:$B$344,$A$2:$A$344)+SLOPE($B$2:$B$344,$A$2:$A$344)*A10 -> 3707.1811 | D10: =B10-C10 -> 92.818888 | E10: =D10^2 -> 8615.3459
A11: 198 | B11: 4400 | C11: =INTERCEPT($B$2:$B$344,$A$2:$A$344)+SLOPE($B$2:$B$344,$A$2:$A$344)*A11 -> 4058.254 | D11: =B11-C11 -> 341.74603 | E11: =D11^2 -> 116790.35
A12: 185 | B12: 3700 | C12: =INTERCEPT($B$2:$B$344,$A$2:$A$344)+SLOPE($B$2:$B$344,$A$2:$A$344)*A12 -> 3406.2615 | D12: =B12-C12 -> 293.73848 | E12: =D12^2 -> 86282.297
A13: 195 | B13: 3450 | C13: =INTERCEPT($B$2:$B$344,$A$2:$A$344)+SLOPE($B$2:$B$344,$A$2:$A$344)*A13 -> 3907.7942 | D13: =B13-C13 -> -457.79418 | E13: =D13^2 -> 209575.51
... A334: 213 | B334: 5400 | C334: =INTERCEPT($B$2:$B$344,$A$2:$A$344)+SLOPE($B$2:$B$344,$A$2:$A$344)*A334 -> 4810.553 | D334: =B334-C334 -> 589.44704 | E334: =D334^2 -> 347447.81

Sheet Task4B
A1: RMSE | B1: =SQRT(AVERAGE(Task4A!E2:E334)) -> 392.16027
